time,feet,centimeters,tide
2014-12-31 04:30:00 UTC,-0.3,-9,L
2014-12-31 10:54:00 UTC,8.5,259,H
2014-12-31 17:14:00 UTC,0.2,6,L
2014-12-31 23:23:00 UTC,7.6,232,H
2015-01-01 05:29:00 UTC,-0.3,-9,L
2015-01-01 11:53:00 UTC,8.6,262,H
2015-01-01 18:12:00 UTC,0.1,3,L
2015-01-02 00:21:00 UTC,7.6,232,H
2015-01-02 06:22:00 UTC,-0.4,-12,L
2015-01-02 12:48:00 UTC,8.7,265,H
2015-01-02 19:05:00 UTC,0.0,0,L
2015-01-03 01:14:00 UTC,7.7,235,H
2015-01-03 07:12:00 UTC,-0.4,-12,L
2015-01-03 13:38:00 UTC,8.8,268,H
2015-01-03 19:53:00 UTC,-0.1,-3,L
2015-01-04 02:03:00 UTC,7.7,235,H
2015-01-04 08:00:00 UTC,-0.4,-12,L
2015-01-04 14:23:00 UTC,8.9,271,H
2015-01-04 20:38:00 UTC,-0.1,-3,L
2015-01-05 02:48:00 UTC,7.7,235,H
2015-01-05 08:44:00 UTC,-0.4,-12,L
2015-01-05 15:05:00 UTC,8.8,268,H
2015-01-05 21:20:00 UTC,-0.1,-3,L
2015-01-06 03:29:00 UTC,7.7,235,H
2015-01-06 09:26:00 UTC,-0.3,-9,L
2015-01-06 15:45:00 UTC,8.7,265,H
2015-01-06 21:58:00 UTC,-0.1,-3,L
2015-01-07 04:10:00 UTC,7.6,232,H
2015-01-07 10:06:00 UTC,-0.2,-6,L
2015-01-07 16:24:00 UTC,8.5,259,H
2015-01-07 22:34:00 UTC,0.0,0,L
2015-01-08 04:49:00 UTC,7.4,226,H
2015-01-08 10:44:00 UTC,0.0,0,L
2015-01-08 17:03:00 UTC,8.2,250,H
2015-01-08 23:08:00 UTC,0.1,3,L
2015-01-09 05:30:00 UTC,7.2,219,H
2015-01-09 11:21:00 UTC,0.2,6,L
2015-01-09 17:42:00 UTC,7.9,241,H
2015-01-09 23:43:00 UTC,0.2,6,L
2015-01-10 06:11:00 UTC,7.1,216,H
2015-01-10 12:00:00 UTC,0.4,12,L
2015-01-10 18:24:00 UTC,7.6,232,H
2015-01-11 00:18:00 UTC,0.3,9,L
2015-01-11 06:55:00 UTC,7.0,213,H
2015-01-11 12:42:00 UTC,0.6,18,L
2015-01-11 19:08:00 UTC,7.3,223,H
2015-01-12 00:58:00 UTC,0.4,12,L
2015-01-12 07:42:00 UTC,6.9,210,H
2015-01-12 13:29:00 UTC,0.7,21,L
2015-01-12 19:55:00 UTC,7.1,216,H
2015-01-13 01:44:00 UTC,0.5,15,L
2015-01-13 08:31:00 UTC,7.0,213,H
2015-01-13 14:25:00 UTC,0.8,24,L
2015-01-13 20:44:00 UTC,6.9,210,H
2015-01-14 02:36:00 UTC,0.5,15,L
2015-01-14 09:22:00 UTC,7.2,219,H
2015-01-14 15:27:00 UTC,0.8,24,L
2015-01-14 21:37:00 UTC,6.9,210,H
2015-01-15 03:35:00 UTC,0.4,12,L
2015-01-15 10:17:00 UTC,7.4,226,H
2015-01-15 16:30:00 UTC,0.7,21,L
2015-01-15 22:32:00 UTC,7.0,213,H
2015-01-16 04:36:00 UTC,0.2,6,L
2015-01-16 11:14:00 UTC,7.8,238,H
2015-01-16 17:30:00 UTC,0.4,12,L
2015-01-16 23:30:00 UTC,7.2,219,H
2015-01-17 05:35:00 UTC,-0.1,-3,L
2015-01-17 12:11:00 UTC,8.2,250,H
2015-01-17 18:26:00 UTC,0.0,0,L
2015-01-18 00:26:00 UTC,7.5,229,H
2015-01-18 06:31:00 UTC,-0.4,-12,L
2015-01-18 13:07:00 UTC,8.8,268,H
2015-01-18 19:19:00 UTC,-0.3,-9,L
2015-01-19 01:21:00 UTC,7.9,241,H
2015-01-19 07:26:00 UTC,-0.7,-21,L
2015-01-19 13:59:00 UTC,9.2,280,H
2015-01-19 20:11:00 UTC,-0.7,-21,L
2015-01-20 02:13:00 UTC,8.3,253,H
2015-01-20 08:19:00 UTC,-1.0,-30,L
2015-01-20 14:49:00 UTC,9.6,293,H
2015-01-20 21:01:00 UTC,-1.0,-30,L
2015-01-21 03:04:00 UTC,8.6,262,H
2015-01-21 09:11:00 UTC,-1.2,-37,L
2015-01-21 15:39:00 UTC,9.7,296,H
2015-01-21 21:50:00 UTC,-1.2,-37,L
2015-01-22 03:55:00 UTC,8.9,271,H
2015-01-22 10:02:00 UTC,-1.2,-37,L
2015-01-22 16:29:00 UTC,9.6,293,H
2015-01-22 22:38:00 UTC,-1.2,-37,L
2015-01-23 04:46:00 UTC,8.9,271,H
2015-01-23 10:53:00 UTC,-1.1,-34,L
2015-01-23 17:20:00 UTC,9.4,287,H
2015-01-23 23:27:00 UTC,-1.2,-37,L
2015-01-24 05:41:00 UTC,8.8,268,H
2015-01-24 11:45:00 UTC,-0.9,-27,L
2015-01-24 18:14:00 UTC,9.0,274,H
2015-01-25 00:16:00 UTC,-1.0,-30,L
2015-01-25 06:37:00 UTC,8.7,265,H
2015-01-25 12:39:00 UTC,-0.5,-15,L
2015-01-25 19:10:00 UTC,8.5,259,H
2015-01-26 01:08:00 UTC,-0.7,-21,L
2015-01-26 07:36:00 UTC,8.5,259,H
2015-01-26 13:37:00 UTC,-0.2,-6,L
2015-01-26 20:07:00 UTC,8.0,244,H
2015-01-27 02:04:00 UTC,-0.5,-15,L
2015-01-27 08:35:00 UTC,8.3,253,H
2015-01-27 14:41:00 UTC,0.1,3,L
2015-01-27 21:05:00 UTC,7.6,232,H
2015-01-28 03:05:00 UTC,-0.3,-9,L
2015-01-28 09:33:00 UTC,8.1,247,H
2015-01-28 15:49:00 UTC,0.3,9,L
2015-01-28 22:03:00 UTC,7.3,223,H
2015-01-29 04:07:00 UTC,-0.1,-3,L
2015-01-29 10:32:00 UTC,8.0,244,H
2015-01-29 16:54:00 UTC,0.3,9,L
2015-01-29 23:02:00 UTC,7.2,219,H
2015-01-30 05:06:00 UTC,-0.1,-3,L
2015-01-30 11:31:00 UTC,8.0,244,H
2015-01-30 17:52:00 UTC,0.3,9,L
2015-01-31 00:00:00 UTC,7.2,219,H
2015-01-31 06:01:00 UTC,-0.2,-6,L
2015-01-31 12:27:00 UTC,8.1,247,H
2015-01-31 18:44:00 UTC,0.2,6,L
2015-02-01 00:54:00 UTC,7.3,223,H
2015-02-01 06:52:00 UTC,-0.2,-6,L
2015-02-01 13:17:00 UTC,8.2,250,H
2015-02-01 19:31:00 UTC,0.1,3,L
2015-02-02 01:43:00 UTC,7.4,226,H
2015-02-02 07:39:00 UTC,-0.3,-9,L
2015-02-02 14:03:00 UTC,8.3,253,H
2015-02-02 20:14:00 UTC,0.0,0,L
2015-02-03 02:27:00 UTC,7.6,232,H
2015-02-03 08:23:00 UTC,-0.3,-9,L
2015-02-03 14:44:00 UTC,8.4,256,H
2015-02-03 20:54:00 UTC,-0.1,-3,L
2015-02-04 03:08:00 UTC,7.7,235,H
2015-02-04 09:04:00 UTC,-0.3,-9,L
2015-02-04 15:23:00 UTC,8.4,256,H
2015-02-04 21:30:00 UTC,-0.1,-3,L
2015-02-05 03:46:00 UTC,7.7,235,H
2015-02-05 09:42:00 UTC,-0.3,-9,L
2015-02-05 15:59:00 UTC,8.3,253,H
2015-02-05 22:04:00 UTC,-0.1,-3,L
2015-02-06 04:22:00 UTC,7.6,232,H
2015-02-06 10:19:00 UTC,-0.2,-6,L
2015-02-06 16:35:00 UTC,8.1,247,H
2015-02-06 22:37:00 UTC,0.0,0,L
2015-02-07 04:58:00 UTC,7.5,229,H
2015-02-07 10:55:00 UTC,0.0,0,L
2015-02-07 17:11:00 UTC,7.8,238,H
2015-02-07 23:10:00 UTC,0.0,0,L
2015-02-08 05:34:00 UTC,7.4,226,H
2015-02-08 11:32:00 UTC,0.1,3,L
2015-02-08 17:48:00 UTC,7.5,229,H
2015-02-08 23:44:00 UTC,0.1,3,L
2015-02-09 06:12:00 UTC,7.3,223,H
2015-02-09 12:11:00 UTC,0.3,9,L
2015-02-09 18:27:00 UTC,7.3,223,H
2015-02-10 00:21:00 UTC,0.2,6,L
2015-02-10 06:53:00 UTC,7.2,219,H
2015-02-10 12:55:00 UTC,0.5,15,L
2015-02-10 19:12:00 UTC,7.1,216,H
2015-02-11 01:03:00 UTC,0.3,9,L
2015-02-11 07:41:00 UTC,7.2,219,H
2015-02-11 13:46:00 UTC,0.6,18,L
2015-02-11 20:02:00 UTC,6.9,210,H
2015-02-12 01:53:00 UTC,0.4,12,L
2015-02-12 08:35:00 UTC,7.3,223,H
2015-02-12 14:46:00 UTC,0.7,21,L
2015-02-12 20:56:00 UTC,6.9,210,H
2015-02-13 02:54:00 UTC,0.4,12,L
2015-02-13 09:34:00 UTC,7.5,229,H
2015-02-13 15:52:00 UTC,0.6,18,L
2015-02-13 21:55:00 UTC,7.0,213,H
2015-02-14 04:00:00 UTC,0.2,6,L
2015-02-14 10:36:00 UTC,7.8,238,H
2015-02-14 16:57:00 UTC,0.4,12,L
2015-02-14 22:56:00 UTC,7.2,219,H
2015-02-15 05:05:00 UTC,0.0,0,L
2015-02-15 11:39:00 UTC,8.2,250,H
2015-02-15 17:57:00 UTC,0.0,0,L
2015-02-15 23:58:00 UTC,7.6,232,H
2015-02-16 06:07:00 UTC,-0.4,-12,L
2015-02-16 12:40:00 UTC,8.7,265,H
2015-02-16 18:54:00 UTC,-0.4,-12,L
2015-02-17 00:57:00 UTC,8.1,247,H
2015-02-17 07:06:00 UTC,-0.8,-24,L
2015-02-17 13:37:00 UTC,9.2,280,H
2015-02-17 19:47:00 UTC,-0.8,-24,L
2015-02-18 01:53:00 UTC,8.7,265,H
2015-02-18 08:01:00 UTC,-1.1,-34,L
2015-02-18 14:30:00 UTC,9.6,293,H
2015-02-18 20:39:00 UTC,-1.1,-34,L
2015-02-19 02:46:00 UTC,9.1,277,H
2015-02-19 08:55:00 UTC,-1.3,-40,L
2015-02-19 15:21:00 UTC,9.7,296,H
2015-02-19 21:28:00 UTC,-1.3,-40,L
2015-02-20 03:37:00 UTC,9.4,287,H
2015-02-20 09:47:00 UTC,-1.3,-40,L
2015-02-20 16:11:00 UTC,9.7,296,H
2015-02-20 22:16:00 UTC,-1.4,-43,L
2015-02-21 04:28:00 UTC,9.5,290,H
2015-02-21 10:38:00 UTC,-1.2,-37,L
2015-02-21 17:01:00 UTC,9.4,287,H
2015-02-21 23:04:00 UTC,-1.3,-40,L
2015-02-22 05:21:00 UTC,9.4,287,H
2015-02-22 11:29:00 UTC,-1.0,-30,L
2015-02-22 17:54:00 UTC,8.9,271,H
2015-02-22 23:52:00 UTC,-1.0,-30,L
2015-02-23 06:15:00 UTC,9.1,277,H
2015-02-23 12:21:00 UTC,-0.6,-18,L
2015-02-23 18:48:00 UTC,8.4,256,H
2015-02-24 00:43:00 UTC,-0.7,-21,L
2015-02-24 07:12:00 UTC,8.7,265,H
2015-02-24 13:16:00 UTC,-0.1,-3,L
2015-02-24 19:44:00 UTC,7.9,241,H
2015-02-25 01:36:00 UTC,-0.3,-9,L
2015-02-25 08:09:00 UTC,8.3,253,H
2015-02-25 14:16:00 UTC,0.2,6,L
2015-02-25 20:42:00 UTC,7.4,226,H
2015-02-26 02:36:00 UTC,0.0,0,L
2015-02-26 09:07:00 UTC,8.0,244,H
2015-02-26 15:22:00 UTC,0.5,15,L
2015-02-26 21:39:00 UTC,7.2,219,H
2015-02-27 03:39:00 UTC,0.2,6,L
2015-02-27 10:05:00 UTC,7.8,238,H
2015-02-27 16:27:00 UTC,0.6,18,L
2015-02-27 22:38:00 UTC,7.0,213,H
2015-02-28 04:41:00 UTC,0.3,9,L
2015-02-28 11:03:00 UTC,7.7,235,H
2015-02-28 17:25:00 UTC,0.5,15,L
2015-02-28 23:35:00 UTC,7.1,216,H
2015-03-01 05:38:00 UTC,0.2,6,L
2015-03-01 11:59:00 UTC,7.8,238,H
2015-03-01 18:17:00 UTC,0.4,12,L
2015-03-02 00:30:00 UTC,7.3,223,H
2015-03-02 06:29:00 UTC,0.1,3,L
2015-03-02 12:50:00 UTC,7.9,241,H
2015-03-02 19:02:00 UTC,0.3,9,L
2015-03-03 01:19:00 UTC,7.5,229,H
2015-03-03 07:16:00 UTC,0.0,0,L
2015-03-03 13:37:00 UTC,8.1,247,H
2015-03-03 19:44:00 UTC,0.2,6,L
2015-03-04 02:03:00 UTC,7.8,238,H
2015-03-04 07:59:00 UTC,-0.1,-3,L
2015-03-04 14:18:00 UTC,8.2,250,H
2015-03-04 20:22:00 UTC,0.0,0,L
2015-03-05 02:43:00 UTC,8.0,244,H
2015-03-05 08:40:00 UTC,-0.2,-6,L
2015-03-05 14:57:00 UTC,8.3,253,H
2015-03-05 20:59:00 UTC,0.0,0,L
2015-03-06 03:20:00 UTC,8.1,247,H
2015-03-06 09:19:00 UTC,-0.2,-6,L
2015-03-06 15:33:00 UTC,8.2,250,H
2015-03-06 21:33:00 UTC,-0.1,-3,L
2015-03-07 03:55:00 UTC,8.1,247,H
2015-03-07 09:56:00 UTC,-0.2,-6,L
2015-03-07 16:08:00 UTC,8.1,247,H
2015-03-07 22:06:00 UTC,0.0,0,L
2015-03-08 04:28:00 UTC,8.0,244,H
2015-03-08 10:32:00 UTC,-0.1,-3,L
2015-03-08 16:42:00 UTC,7.9,241,H
2015-03-08 22:39:00 UTC,0.0,0,L
2015-03-09 05:01:00 UTC,7.9,241,H
2015-03-09 11:08:00 UTC,0.1,3,L
2015-03-09 17:16:00 UTC,7.7,235,H
2015-03-09 23:14:00 UTC,0.1,3,L
2015-03-10 05:35:00 UTC,7.8,238,H
2015-03-10 11:47:00 UTC,0.2,6,L
2015-03-10 17:54:00 UTC,7.4,226,H
2015-03-10 23:51:00 UTC,0.2,6,L
2015-03-11 06:15:00 UTC,7.8,238,H
2015-03-11 12:29:00 UTC,0.4,12,L
2015-03-11 18:38:00 UTC,7.2,219,H
2015-03-12 00:33:00 UTC,0.3,9,L
2015-03-12 07:02:00 UTC,7.7,235,H
2015-03-12 13:18:00 UTC,0.5,15,L
2015-03-12 19:29:00 UTC,7.1,216,H
2015-03-13 01:22:00 UTC,0.4,12,L
2015-03-13 07:59:00 UTC,7.7,235,H
2015-03-13 14:16:00 UTC,0.6,18,L
2015-03-13 20:26:00 UTC,7.1,216,H
2015-03-14 02:23:00 UTC,0.4,12,L
2015-03-14 09:00:00 UTC,7.8,238,H
2015-03-14 15:22:00 UTC,0.5,15,L
2015-03-14 21:27:00 UTC,7.3,223,H
2015-03-15 03:32:00 UTC,0.3,9,L
2015-03-15 10:05:00 UTC,8.0,244,H
2015-03-15 16:28:00 UTC,0.3,9,L
2015-03-15 22:30:00 UTC,7.6,232,H
2015-03-16 04:41:00 UTC,0.1,3,L
2015-03-16 11:11:00 UTC,8.3,253,H
2015-03-16 17:30:00 UTC,0.0,0,L
2015-03-16 23:34:00 UTC,8.0,244,H
2015-03-17 05:47:00 UTC,-0.2,-6,L
2015-03-17 12:15:00 UTC,8.8,268,H
2015-03-17 18:28:00 UTC,-0.4,-12,L
2015-03-18 00:35:00 UTC,8.6,262,H
2015-03-18 06:47:00 UTC,-0.6,-18,L
2015-03-18 13:14:00 UTC,9.2,280,H
2015-03-18 19:22:00 UTC,-0.8,-24,L
2015-03-19 01:33:00 UTC,9.2,280,H
2015-03-19 07:44:00 UTC,-0.9,-27,L
2015-03-19 14:09:00 UTC,9.5,290,H
2015-03-19 20:14:00 UTC,-1.1,-34,L
2015-03-20 02:27:00 UTC,9.7,296,H
2015-03-20 08:39:00 UTC,-1.1,-34,L
2015-03-20 15:00:00 UTC,9.6,293,H
2015-03-20 21:04:00 UTC,-1.3,-40,L
2015-03-21 03:18:00 UTC,10.0,305,H
2015-03-21 09:31:00 UTC,-1.2,-37,L
2015-03-21 15:50:00 UTC,9.5,290,H
2015-03-21 21:53:00 UTC,-1.3,-40,L
2015-03-22 04:08:00 UTC,10.0,305,H
2015-03-22 10:22:00 UTC,-1.1,-34,L
2015-03-22 16:40:00 UTC,9.2,280,H
2015-03-22 22:41:00 UTC,-1.1,-34,L
2015-03-23 04:59:00 UTC,9.8,299,H
2015-03-23 11:11:00 UTC,-0.8,-24,L
2015-03-23 17:32:00 UTC,8.8,268,H
2015-03-23 23:28:00 UTC,-0.8,-24,L
2015-03-24 05:51:00 UTC,9.4,287,H
2015-03-24 12:01:00 UTC,-0.4,-12,L
2015-03-24 18:25:00 UTC,8.3,253,H
2015-03-25 00:17:00 UTC,-0.4,-12,L
2015-03-25 06:45:00 UTC,8.9,271,H
2015-03-25 12:53:00 UTC,0.0,0,L
2015-03-25 19:21:00 UTC,7.8,238,H
2015-03-26 01:08:00 UTC,0.0,0,L
2015-03-26 07:41:00 UTC,8.4,256,H
2015-03-26 13:48:00 UTC,0.4,12,L
2015-03-26 20:17:00 UTC,7.4,226,H
2015-03-27 02:05:00 UTC,0.4,12,L
2015-03-27 08:37:00 UTC,8.0,244,H
2015-03-27 14:49:00 UTC,0.7,21,L
2015-03-27 21:13:00 UTC,7.2,219,H
2015-03-28 03:07:00 UTC,0.6,18,L
2015-03-28 09:33:00 UTC,7.8,238,H
2015-03-28 15:52:00 UTC,0.8,24,L
2015-03-28 22:10:00 UTC,7.1,216,H
2015-03-29 04:10:00 UTC,0.7,21,L
2015-03-29 10:28:00 UTC,7.6,232,H
2015-03-29 16:50:00 UTC,0.8,24,L
2015-03-29 23:05:00 UTC,7.2,219,H
2015-03-30 05:08:00 UTC,0.6,18,L
2015-03-30 11:23:00 UTC,7.6,232,H
2015-03-30 17:40:00 UTC,0.7,21,L
2015-03-30 23:59:00 UTC,7.5,229,H
2015-03-31 06:00:00 UTC,0.5,15,L
2015-03-31 12:15:00 UTC,7.7,235,H
2015-03-31 18:25:00 UTC,0.5,15,L
2015-04-01 00:48:00 UTC,7.8,238,H
2015-04-01 06:47:00 UTC,0.3,9,L
2015-04-01 13:03:00 UTC,7.9,241,H
2015-04-01 19:07:00 UTC,0.3,9,L
2015-04-02 01:33:00 UTC,8.1,247,H
2015-04-02 07:31:00 UTC,0.2,6,L
2015-04-02 13:47:00 UTC,8.1,247,H
2015-04-02 19:46:00 UTC,0.2,6,L
2015-04-03 02:14:00 UTC,8.4,256,H
2015-04-03 08:13:00 UTC,0.0,0,L
2015-04-03 14:27:00 UTC,8.2,250,H
2015-04-03 20:23:00 UTC,0.1,3,L
2015-04-04 02:52:00 UTC,8.5,259,H
2015-04-04 08:53:00 UTC,0.0,0,L
2015-04-04 15:04:00 UTC,8.2,250,H
2015-04-04 21:00:00 UTC,0.0,0,L
2015-04-05 03:27:00 UTC,8.6,262,H
2015-04-05 09:32:00 UTC,-0.1,-3,L
2015-04-05 15:40:00 UTC,8.1,247,H
2015-04-05 21:36:00 UTC,0.0,0,L
2015-04-06 04:00:00 UTC,8.6,262,H
2015-04-06 10:10:00 UTC,0.0,0,L
2015-04-06 16:15:00 UTC,7.9,241,H
2015-04-06 22:11:00 UTC,0.0,0,L
2015-04-07 04:32:00 UTC,8.5,259,H
2015-04-07 10:48:00 UTC,0.0,0,L
2015-04-07 16:50:00 UTC,7.7,235,H
2015-04-07 22:48:00 UTC,0.1,3,L
2015-04-08 05:07:00 UTC,8.4,256,H
2015-04-08 11:27:00 UTC,0.1,3,L
2015-04-08 17:29:00 UTC,7.6,232,H
2015-04-08 23:27:00 UTC,0.2,6,L
2015-04-09 05:48:00 UTC,8.3,253,H
2015-04-09 12:10:00 UTC,0.3,9,L
2015-04-09 18:14:00 UTC,7.5,229,H
2015-04-10 00:11:00 UTC,0.3,9,L
2015-04-10 06:38:00 UTC,8.2,250,H
2015-04-10 12:59:00 UTC,0.4,12,L
2015-04-10 19:07:00 UTC,7.4,226,H
2015-04-11 01:02:00 UTC,0.4,12,L
2015-04-11 07:36:00 UTC,8.2,250,H
2015-04-11 13:55:00 UTC,0.4,12,L
2015-04-11 20:06:00 UTC,7.5,229,H
2015-04-12 02:02:00 UTC,0.5,15,L
2015-04-12 08:38:00 UTC,8.2,250,H
2015-04-12 14:58:00 UTC,0.4,12,L
2015-04-12 21:08:00 UTC,7.7,235,H
2015-04-13 03:11:00 UTC,0.4,12,L
2015-04-13 09:42:00 UTC,8.3,253,H
2015-04-13 16:03:00 UTC,0.2,6,L
2015-04-13 22:11:00 UTC,8.0,244,H
2015-04-14 04:22:00 UTC,0.2,6,L
2015-04-14 10:47:00 UTC,8.5,259,H
2015-04-14 17:05:00 UTC,-0.1,-3,L
2015-04-14 23:14:00 UTC,8.5,259,H
2015-04-15 05:28:00 UTC,-0.1,-3,L
2015-04-15 11:50:00 UTC,8.7,265,H
2015-04-15 18:02:00 UTC,-0.4,-12,L
2015-04-16 00:15:00 UTC,9.1,277,H
2015-04-16 06:30:00 UTC,-0.4,-12,L
2015-04-16 12:50:00 UTC,9.0,274,H
2015-04-16 18:57:00 UTC,-0.7,-21,L
2015-04-17 01:12:00 UTC,9.6,293,H
2015-04-17 07:27:00 UTC,-0.7,-21,L
2015-04-17 13:46:00 UTC,9.2,280,H
2015-04-17 19:49:00 UTC,-1.0,-30,L
2015-04-18 02:06:00 UTC,10.0,305,H
2015-04-18 08:22:00 UTC,-0.8,-24,L
2015-04-18 14:38:00 UTC,9.2,280,H
2015-04-18 20:40:00 UTC,-1.1,-34,L
2015-04-19 02:57:00 UTC,10.2,311,H
2015-04-19 09:14:00 UTC,-0.9,-27,L
2015-04-19 15:29:00 UTC,9.1,277,H
2015-04-19 21:29:00 UTC,-1.0,-30,L
2015-04-20 03:47:00 UTC,10.2,311,H
2015-04-20 10:04:00 UTC,-0.8,-24,L
2015-04-20 16:18:00 UTC,8.9,271,H
2015-04-20 22:17:00 UTC,-0.8,-24,L
2015-04-21 04:36:00 UTC,9.9,302,H
2015-04-21 10:52:00 UTC,-0.6,-18,L
2015-04-21 17:09:00 UTC,8.5,259,H
2015-04-21 23:04:00 UTC,-0.5,-15,L
2015-04-22 05:26:00 UTC,9.5,290,H
2015-04-22 11:40:00 UTC,-0.2,-6,L
2015-04-22 18:01:00 UTC,8.0,244,H
2015-04-22 23:51:00 UTC,-0.2,-6,L
2015-04-23 06:17:00 UTC,8.9,271,H
2015-04-23 12:28:00 UTC,0.1,3,L
2015-04-23 18:55:00 UTC,7.7,235,H
2015-04-24 00:40:00 UTC,0.2,6,L
2015-04-24 07:11:00 UTC,8.4,256,H
2015-04-24 13:18:00 UTC,0.5,15,L
2015-04-24 19:50:00 UTC,7.4,226,H
2015-04-25 01:32:00 UTC,0.6,18,L
2015-04-25 08:04:00 UTC,8.0,244,H
2015-04-25 14:12:00 UTC,0.7,21,L
2015-04-25 20:44:00 UTC,7.2,219,H
2015-04-26 02:30:00 UTC,0.9,27,L
2015-04-26 08:57:00 UTC,7.7,235,H
2015-04-26 15:08:00 UTC,0.9,27,L
2015-04-26 21:38:00 UTC,7.2,219,H
2015-04-27 03:31:00 UTC,1.0,30,L
2015-04-27 09:50:00 UTC,7.6,232,H
2015-04-27 16:04:00 UTC,0.9,27,L
2015-04-27 22:30:00 UTC,7.4,226,H
2015-04-28 04:30:00 UTC,0.9,27,L
2015-04-28 10:42:00 UTC,7.5,229,H
2015-04-28 16:55:00 UTC,0.7,21,L
2015-04-28 23:22:00 UTC,7.6,232,H
2015-04-29 05:24:00 UTC,0.8,24,L
2015-04-29 11:33:00 UTC,7.6,232,H
2015-04-29 17:41:00 UTC,0.6,18,L
2015-04-30 00:12:00 UTC,7.9,241,H
2015-04-30 06:13:00 UTC,0.6,18,L
2015-04-30 12:22:00 UTC,7.7,235,H
2015-04-30 18:24:00 UTC,0.4,12,L
2015-05-01 00:58:00 UTC,8.3,253,H
2015-05-01 06:59:00 UTC,0.4,12,L
2015-05-01 13:09:00 UTC,7.8,238,H
2015-05-01 19:05:00 UTC,0.3,9,L
2015-05-02 01:41:00 UTC,8.5,259,H
2015-05-02 07:43:00 UTC,0.2,6,L
2015-05-02 13:52:00 UTC,7.9,241,H
2015-05-02 19:46:00 UTC,0.1,3,L
2015-05-03 02:20:00 UTC,8.8,268,H
2015-05-03 08:25:00 UTC,0.1,3,L
2015-05-03 14:33:00 UTC,7.9,241,H
2015-05-03 20:26:00 UTC,0.1,3,L
2015-05-04 02:57:00 UTC,8.9,271,H
2015-05-04 09:07:00 UTC,0.0,0,L
2015-05-04 15:11:00 UTC,7.9,241,H
2015-05-04 21:06:00 UTC,0.0,0,L
2015-05-05 03:33:00 UTC,8.9,271,H
2015-05-05 09:47:00 UTC,-0.1,-3,L
2015-05-05 15:49:00 UTC,7.9,241,H
2015-05-05 21:46:00 UTC,0.0,0,L
2015-05-06 04:09:00 UTC,8.9,271,H
2015-05-06 10:29:00 UTC,-0.1,-3,L
2015-05-06 16:27:00 UTC,7.8,238,H
2015-05-06 22:27:00 UTC,0.0,0,L
2015-05-07 04:48:00 UTC,8.9,271,H
2015-05-07 11:11:00 UTC,0.0,0,L
2015-05-07 17:10:00 UTC,7.7,235,H
2015-05-07 23:10:00 UTC,0.1,3,L
2015-05-08 05:32:00 UTC,8.7,265,H
2015-05-08 11:56:00 UTC,0.0,0,L
2015-05-08 17:59:00 UTC,7.6,232,H
2015-05-08 23:56:00 UTC,0.2,6,L
2015-05-09 06:24:00 UTC,8.6,262,H
2015-05-09 12:44:00 UTC,0.1,3,L
2015-05-09 18:54:00 UTC,7.6,232,H
2015-05-10 00:49:00 UTC,0.3,9,L
2015-05-10 07:22:00 UTC,8.5,259,H
2015-05-10 13:39:00 UTC,0.1,3,L
2015-05-10 19:54:00 UTC,7.8,238,H
2015-05-11 01:49:00 UTC,0.4,12,L
2015-05-11 08:23:00 UTC,8.4,256,H
2015-05-11 14:38:00 UTC,0.1,3,L
2015-05-11 20:54:00 UTC,8.0,244,H
2015-05-12 02:56:00 UTC,0.4,12,L
2015-05-12 09:24:00 UTC,8.4,256,H
2015-05-12 15:40:00 UTC,-0.1,-3,L
2015-05-12 21:55:00 UTC,8.4,256,H
2015-05-13 04:06:00 UTC,0.3,9,L
2015-05-13 10:26:00 UTC,8.5,259,H
2015-05-13 16:40:00 UTC,-0.3,-9,L
2015-05-13 22:56:00 UTC,8.8,268,H
2015-05-14 05:12:00 UTC,0.0,0,L
2015-05-14 11:26:00 UTC,8.5,259,H
2015-05-14 17:38:00 UTC,-0.5,-15,L
2015-05-14 23:55:00 UTC,9.3,283,H
2015-05-15 06:13:00 UTC,-0.2,-6,L
2015-05-15 12:26:00 UTC,8.6,262,H
2015-05-15 18:32:00 UTC,-0.7,-21,L
2015-05-16 00:52:00 UTC,9.7,296,H
2015-05-16 07:10:00 UTC,-0.4,-12,L
2015-05-16 13:23:00 UTC,8.7,265,H
2015-05-16 19:25:00 UTC,-0.8,-24,L
2015-05-17 01:46:00 UTC,10.0,305,H
2015-05-17 08:04:00 UTC,-0.5,-15,L
2015-05-17 14:16:00 UTC,8.7,265,H
2015-05-17 20:16:00 UTC,-0.8,-24,L
2015-05-18 02:37:00 UTC,10.1,308,H
2015-05-18 08:56:00 UTC,-0.6,-18,L
2015-05-18 15:07:00 UTC,8.6,262,H
2015-05-18 21:05:00 UTC,-0.8,-24,L
2015-05-19 03:26:00 UTC,10.0,305,H
2015-05-19 09:45:00 UTC,-0.5,-15,L
2015-05-19 15:56:00 UTC,8.4,256,H
2015-05-19 21:53:00 UTC,-0.6,-18,L
2015-05-20 04:13:00 UTC,9.7,296,H
2015-05-20 10:32:00 UTC,-0.3,-9,L
2015-05-20 16:45:00 UTC,8.1,247,H
2015-05-20 22:40:00 UTC,-0.3,-9,L
2015-05-21 05:01:00 UTC,9.3,283,H
2015-05-21 11:17:00 UTC,-0.1,-3,L
2015-05-21 17:35:00 UTC,7.7,235,H
2015-05-21 23:25:00 UTC,0.0,0,L
2015-05-22 05:49:00 UTC,8.8,268,H
2015-05-22 12:01:00 UTC,0.2,6,L
2015-05-22 18:27:00 UTC,7.5,229,H
2015-05-23 00:11:00 UTC,0.4,12,L
2015-05-23 06:39:00 UTC,8.3,253,H
2015-05-23 12:46:00 UTC,0.4,12,L
2015-05-23 19:20:00 UTC,7.3,223,H
2015-05-24 00:58:00 UTC,0.7,21,L
2015-05-24 07:29:00 UTC,8.0,244,H
2015-05-24 13:32:00 UTC,0.6,18,L
2015-05-24 20:12:00 UTC,7.2,219,H
2015-05-25 01:50:00 UTC,0.9,27,L
2015-05-25 08:19:00 UTC,7.7,235,H
2015-05-25 14:20:00 UTC,0.7,21,L
2015-05-25 21:02:00 UTC,7.3,223,H
2015-05-26 02:47:00 UTC,1.0,30,L
2015-05-26 09:09:00 UTC,7.5,229,H
2015-05-26 15:11:00 UTC,0.8,24,L
2015-05-26 21:52:00 UTC,7.4,226,H
2015-05-27 03:45:00 UTC,1.0,30,L
2015-05-27 09:58:00 UTC,7.4,226,H
2015-05-27 16:02:00 UTC,0.7,21,L
2015-05-27 22:41:00 UTC,7.6,232,H
2015-05-28 04:42:00 UTC,0.9,27,L
2015-05-28 10:48:00 UTC,7.4,226,H
2015-05-28 16:51:00 UTC,0.6,18,L
2015-05-28 23:30:00 UTC,7.9,241,H
2015-05-29 05:33:00 UTC,0.8,24,L
2015-05-29 11:38:00 UTC,7.4,226,H
2015-05-29 17:38:00 UTC,0.4,12,L
2015-05-30 00:18:00 UTC,8.2,250,H
2015-05-30 06:22:00 UTC,0.5,15,L
2015-05-30 12:27:00 UTC,7.5,229,H
2015-05-30 18:23:00 UTC,0.2,6,L
2015-05-31 01:04:00 UTC,8.5,259,H
2015-05-31 07:09:00 UTC,0.3,9,L
2015-05-31 13:14:00 UTC,7.6,232,H
2015-05-31 19:08:00 UTC,0.1,3,L
2015-06-01 01:47:00 UTC,8.8,268,H
2015-06-01 07:55:00 UTC,0.1,3,L
2015-06-01 13:59:00 UTC,7.7,235,H
2015-06-01 19:53:00 UTC,0.0,0,L
2015-06-02 02:28:00 UTC,9.0,274,H
2015-06-02 08:40:00 UTC,0.0,0,L
2015-06-02 14:41:00 UTC,7.8,238,H
2015-06-02 20:38:00 UTC,-0.1,-3,L
2015-06-03 03:08:00 UTC,9.1,277,H
2015-06-03 09:25:00 UTC,-0.2,-6,L
2015-06-03 15:24:00 UTC,7.8,238,H
2015-06-03 21:23:00 UTC,-0.2,-6,L
2015-06-04 03:49:00 UTC,9.2,280,H
2015-06-04 10:09:00 UTC,-0.3,-9,L
2015-06-04 16:07:00 UTC,7.8,238,H
2015-06-04 22:09:00 UTC,-0.2,-6,L
2015-06-05 04:32:00 UTC,9.2,280,H
2015-06-05 10:54:00 UTC,-0.3,-9,L
2015-06-05 16:54:00 UTC,7.9,241,H
2015-06-05 22:55:00 UTC,-0.2,-6,L
2015-06-06 05:20:00 UTC,9.1,277,H
2015-06-06 11:41:00 UTC,-0.3,-9,L
2015-06-06 17:46:00 UTC,7.9,241,H
2015-06-06 23:45:00 UTC,-0.1,-3,L
2015-06-07 06:14:00 UTC,8.9,271,H
2015-06-07 12:30:00 UTC,-0.3,-9,L
2015-06-07 18:43:00 UTC,8.0,244,H
2015-06-08 00:38:00 UTC,0.1,3,L
2015-06-08 07:11:00 UTC,8.7,265,H
2015-06-08 13:22:00 UTC,-0.3,-9,L
2015-06-08 19:43:00 UTC,8.1,247,H
2015-06-09 01:37:00 UTC,0.2,6,L
2015-06-09 08:10:00 UTC,8.5,259,H
2015-06-09 14:19:00 UTC,-0.3,-9,L
2015-06-09 20:42:00 UTC,8.4,256,H
2015-06-10 02:43:00 UTC,0.3,9,L
2015-06-10 09:08:00 UTC,8.4,256,H
2015-06-10 15:18:00 UTC,-0.3,-9,L
2015-06-10 21:41:00 UTC,8.7,265,H
2015-06-11 03:50:00 UTC,0.3,9,L
2015-06-11 10:07:00 UTC,8.3,253,H
2015-06-11 16:17:00 UTC,-0.4,-12,L
2015-06-11 22:39:00 UTC,9.0,274,H
2015-06-12 04:56:00 UTC,0.1,3,L
2015-06-12 11:05:00 UTC,8.2,250,H
2015-06-12 17:15:00 UTC,-0.5,-15,L
2015-06-12 23:37:00 UTC,9.2,280,H
2015-06-13 05:56:00 UTC,0.0,0,L
2015-06-13 12:04:00 UTC,8.1,247,H
2015-06-13 18:09:00 UTC,-0.6,-18,L
2015-06-14 00:33:00 UTC,9.5,290,H
2015-06-14 06:53:00 UTC,-0.2,-6,L
2015-06-14 13:01:00 UTC,8.1,247,H
2015-06-14 19:02:00 UTC,-0.7,-21,L
2015-06-15 01:27:00 UTC,9.6,293,H
2015-06-15 07:47:00 UTC,-0.3,-9,L
2015-06-15 13:55:00 UTC,8.1,247,H
2015-06-15 19:54:00 UTC,-0.6,-18,L
2015-06-16 02:18:00 UTC,9.6,293,H
2015-06-16 08:37:00 UTC,-0.3,-9,L
2015-06-16 14:45:00 UTC,8.0,244,H
2015-06-16 20:43:00 UTC,-0.5,-15,L
2015-06-17 03:05:00 UTC,9.5,290,H
2015-06-17 09:25:00 UTC,-0.3,-9,L
2015-06-17 15:34:00 UTC,7.9,241,H
2015-06-17 21:31:00 UTC,-0.4,-12,L
2015-06-18 03:50:00 UTC,9.3,283,H
2015-06-18 10:10:00 UTC,-0.2,-6,L
2015-06-18 16:21:00 UTC,7.7,235,H
2015-06-18 22:16:00 UTC,-0.2,-6,L
2015-06-19 04:35:00 UTC,9.0,274,H
2015-06-19 10:52:00 UTC,0.0,0,L
2015-06-19 17:08:00 UTC,7.5,229,H
2015-06-19 22:59:00 UTC,0.1,3,L
2015-06-20 05:20:00 UTC,8.6,262,H
2015-06-20 11:32:00 UTC,0.2,6,L
2015-06-20 17:56:00 UTC,7.4,226,H
2015-06-20 23:41:00 UTC,0.4,12,L
2015-06-21 06:05:00 UTC,8.2,250,H
2015-06-21 12:11:00 UTC,0.3,9,L
2015-06-21 18:45:00 UTC,7.2,219,H
2015-06-22 00:25:00 UTC,0.6,18,L
2015-06-22 06:52:00 UTC,7.9,241,H
2015-06-22 12:51:00 UTC,0.5,15,L
2015-06-22 19:34:00 UTC,7.2,219,H
2015-06-23 01:11:00 UTC,0.9,27,L
2015-06-23 07:39:00 UTC,7.6,232,H
2015-06-23 13:33:00 UTC,0.6,18,L
2015-06-23 20:23:00 UTC,7.2,219,H
2015-06-24 02:02:00 UTC,1.0,30,L
2015-06-24 08:27:00 UTC,7.4,226,H
2015-06-24 14:19:00 UTC,0.6,18,L
2015-06-24 21:10:00 UTC,7.4,226,H
2015-06-25 02:58:00 UTC,1.1,34,L
2015-06-25 09:15:00 UTC,7.3,223,H
2015-06-25 15:09:00 UTC,0.6,18,L
2015-06-25 21:58:00 UTC,7.6,232,H
2015-06-26 03:55:00 UTC,1.0,30,L
2015-06-26 10:03:00 UTC,7.2,219,H
2015-06-26 16:01:00 UTC,0.5,15,L
2015-06-26 22:46:00 UTC,7.8,238,H
2015-06-27 04:51:00 UTC,0.9,27,L
2015-06-27 10:53:00 UTC,7.2,219,H
2015-06-27 16:52:00 UTC,0.4,12,L
2015-06-27 23:35:00 UTC,8.1,247,H
2015-06-28 05:44:00 UTC,0.7,21,L
2015-06-28 11:44:00 UTC,7.3,223,H
2015-06-28 17:43:00 UTC,0.2,6,L
2015-06-29 00:24:00 UTC,8.4,256,H
2015-06-29 06:35:00 UTC,0.4,12,L
2015-06-29 12:35:00 UTC,7.4,226,H
2015-06-29 18:33:00 UTC,0.0,0,L
2015-06-30 01:12:00 UTC,8.8,268,H
2015-06-30 07:24:00 UTC,0.2,6,L
2015-06-30 13:25:00 UTC,7.6,232,H
2015-06-30 19:23:00 UTC,-0.1,-3,L
2015-07-01 01:59:00 UTC,9.1,277,H
2015-07-01 08:13:00 UTC,-0.1,-3,L
2015-07-01 14:12:00 UTC,7.8,238,H
2015-07-01 20:12:00 UTC,-0.3,-9,L
2015-07-02 02:44:00 UTC,9.3,283,H
2015-07-02 09:01:00 UTC,-0.3,-9,L
2015-07-02 15:00:00 UTC,8.0,244,H
2015-07-02 21:02:00 UTC,-0.4,-12,L
2015-07-03 03:30:00 UTC,9.5,290,H
2015-07-03 09:48:00 UTC,-0.5,-15,L
2015-07-03 15:48:00 UTC,8.2,250,H
2015-07-03 21:52:00 UTC,-0.5,-15,L
2015-07-04 04:17:00 UTC,9.5,290,H
2015-07-04 10:35:00 UTC,-0.6,-18,L
2015-07-04 16:38:00 UTC,8.3,253,H
2015-07-04 22:42:00 UTC,-0.5,-15,L
2015-07-05 05:08:00 UTC,9.4,287,H
2015-07-05 11:23:00 UTC,-0.7,-21,L
2015-07-05 17:32:00 UTC,8.4,256,H
2015-07-05 23:33:00 UTC,-0.3,-9,L
2015-07-06 06:01:00 UTC,9.1,277,H
2015-07-06 12:12:00 UTC,-0.6,-18,L
2015-07-06 18:30:00 UTC,8.5,259,H
2015-07-07 00:27:00 UTC,-0.2,-6,L
2015-07-07 06:58:00 UTC,8.9,271,H
2015-07-07 13:03:00 UTC,-0.6,-18,L
2015-07-07 19:29:00 UTC,8.6,262,H
2015-07-08 01:25:00 UTC,0.0,0,L
2015-07-08 07:55:00 UTC,8.6,262,H
2015-07-08 13:58:00 UTC,-0.5,-15,L
2015-07-08 20:27:00 UTC,8.7,265,H
2015-07-09 02:28:00 UTC,0.2,6,L
2015-07-09 08:52:00 UTC,8.3,253,H
2015-07-09 14:56:00 UTC,-0.4,-12,L
2015-07-09 21:25:00 UTC,8.9,271,H
2015-07-10 03:35:00 UTC,0.3,9,L
2015-07-10 09:49:00 UTC,8.1,247,H
2015-07-10 15:56:00 UTC,-0.4,-12,L
2015-07-10 22:22:00 UTC,9.0,274,H
2015-07-11 04:39:00 UTC,0.3,9,L
2015-07-11 10:47:00 UTC,7.9,241,H
2015-07-11 16:54:00 UTC,-0.4,-12,L
2015-07-11 23:19:00 UTC,9.1,277,H
2015-07-12 05:40:00 UTC,0.2,6,L
2015-07-12 11:45:00 UTC,7.8,238,H
2015-07-12 17:49:00 UTC,-0.4,-12,L
2015-07-13 00:15:00 UTC,9.2,280,H
2015-07-13 06:35:00 UTC,0.1,3,L
2015-07-13 12:41:00 UTC,7.8,238,H
2015-07-13 18:42:00 UTC,-0.4,-12,L
2015-07-14 01:09:00 UTC,9.2,280,H
2015-07-14 07:28:00 UTC,0.0,0,L
2015-07-14 13:35:00 UTC,7.8,238,H
2015-07-14 19:33:00 UTC,-0.4,-12,L
2015-07-15 01:58:00 UTC,9.2,280,H
2015-07-15 08:17:00 UTC,0.0,0,L
2015-07-15 14:25:00 UTC,7.8,238,H
2015-07-15 20:22:00 UTC,-0.3,-9,L
2015-07-16 02:44:00 UTC,9.2,280,H
2015-07-16 09:02:00 UTC,0.0,0,L
2015-07-16 15:11:00 UTC,7.8,238,H
2015-07-16 21:08:00 UTC,-0.2,-6,L
2015-07-17 03:27:00 UTC,9.0,274,H
2015-07-17 09:44:00 UTC,0.0,0,L
2015-07-17 15:55:00 UTC,7.7,235,H
2015-07-17 21:51:00 UTC,0.0,0,L
2015-07-18 04:09:00 UTC,8.8,268,H
2015-07-18 10:23:00 UTC,0.1,3,L
2015-07-18 16:39:00 UTC,7.6,232,H
2015-07-18 22:33:00 UTC,0.2,6,L
2015-07-19 04:50:00 UTC,8.5,259,H
2015-07-19 11:00:00 UTC,0.2,6,L
2015-07-19 17:22:00 UTC,7.5,229,H
2015-07-19 23:12:00 UTC,0.4,12,L
2015-07-20 05:31:00 UTC,8.2,250,H
2015-07-20 11:36:00 UTC,0.3,9,L
2015-07-20 18:07:00 UTC,7.4,226,H
2015-07-20 23:53:00 UTC,0.6,18,L
2015-07-21 06:14:00 UTC,7.9,241,H
2015-07-21 12:11:00 UTC,0.4,12,L
2015-07-21 18:53:00 UTC,7.4,226,H
2015-07-22 00:34:00 UTC,0.8,24,L
2015-07-22 06:59:00 UTC,7.6,232,H
2015-07-22 12:49:00 UTC,0.5,15,L
2015-07-22 19:39:00 UTC,7.4,226,H
2015-07-23 01:20:00 UTC,1.0,30,L
2015-07-23 07:45:00 UTC,7.4,226,H
2015-07-23 13:32:00 UTC,0.6,18,L
2015-07-23 20:25:00 UTC,7.5,229,H
2015-07-24 02:12:00 UTC,1.1,34,L
2015-07-24 08:32:00 UTC,7.3,223,H
2015-07-24 14:20:00 UTC,0.6,18,L
2015-07-24 21:13:00 UTC,7.6,232,H
2015-07-25 03:09:00 UTC,1.1,34,L
2015-07-25 09:21:00 UTC,7.2,219,H
2015-07-25 15:13:00 UTC,0.6,18,L
2015-07-25 22:02:00 UTC,7.9,241,H
2015-07-26 04:08:00 UTC,1.0,30,L
2015-07-26 10:11:00 UTC,7.2,219,H
2015-07-26 16:09:00 UTC,0.5,15,L
2015-07-26 22:53:00 UTC,8.2,250,H
2015-07-27 05:06:00 UTC,0.8,24,L
2015-07-27 11:04:00 UTC,7.4,226,H
2015-07-27 17:06:00 UTC,0.3,9,L
2015-07-27 23:46:00 UTC,8.5,259,H
2015-07-28 06:01:00 UTC,0.5,15,L
2015-07-28 11:59:00 UTC,7.6,232,H
2015-07-28 18:01:00 UTC,0.1,3,L
2015-07-29 00:39:00 UTC,8.9,271,H
2015-07-29 06:54:00 UTC,0.2,6,L
2015-07-29 12:53:00 UTC,7.9,241,H
2015-07-29 18:56:00 UTC,-0.2,-6,L
2015-07-30 01:31:00 UTC,9.3,283,H
2015-07-30 07:45:00 UTC,-0.1,-3,L
2015-07-30 13:46:00 UTC,8.2,250,H
2015-07-30 19:50:00 UTC,-0.4,-12,L
2015-07-31 02:21:00 UTC,9.6,293,H
2015-07-31 08:36:00 UTC,-0.4,-12,L
2015-07-31 14:37:00 UTC,8.6,262,H
2015-07-31 20:43:00 UTC,-0.6,-18,L
2015-08-01 03:10:00 UTC,9.8,299,H
2015-08-01 09:25:00 UTC,-0.6,-18,L
2015-08-01 15:28:00 UTC,8.9,271,H
2015-08-01 21:35:00 UTC,-0.6,-18,L
2015-08-02 04:00:00 UTC,9.8,299,H
2015-08-02 10:14:00 UTC,-0.8,-24,L
2015-08-02 16:20:00 UTC,9.0,274,H
2015-08-02 22:27:00 UTC,-0.6,-18,L
2015-08-03 04:51:00 UTC,9.7,296,H
2015-08-03 11:02:00 UTC,-0.8,-24,L
2015-08-03 17:14:00 UTC,9.1,277,H
2015-08-03 23:19:00 UTC,-0.5,-15,L
2015-08-04 05:45:00 UTC,9.4,287,H
2015-08-04 11:51:00 UTC,-0.8,-24,L
2015-08-04 18:12:00 UTC,9.1,277,H
2015-08-05 00:13:00 UTC,-0.2,-6,L
2015-08-05 06:41:00 UTC,9.0,274,H
2015-08-05 12:42:00 UTC,-0.6,-18,L
2015-08-05 19:11:00 UTC,9.1,277,H
2015-08-06 01:10:00 UTC,0.0,0,L
2015-08-06 07:38:00 UTC,8.6,262,H
2015-08-06 13:36:00 UTC,-0.4,-12,L
2015-08-06 20:09:00 UTC,9.1,277,H
2015-08-07 02:11:00 UTC,0.3,9,L
2015-08-07 08:36:00 UTC,8.3,253,H
2015-08-07 14:34:00 UTC,-0.2,-6,L
2015-08-07 21:07:00 UTC,9.0,274,H
2015-08-08 03:17:00 UTC,0.5,15,L
2015-08-08 09:33:00 UTC,8.1,247,H
2015-08-08 15:34:00 UTC,-0.1,-3,L
2015-08-08 22:04:00 UTC,9.0,274,H
2015-08-09 04:22:00 UTC,0.5,15,L
2015-08-09 10:30:00 UTC,7.9,241,H
2015-08-09 16:34:00 UTC,0.0,0,L
2015-08-09 23:01:00 UTC,8.9,271,H
2015-08-10 05:22:00 UTC,0.5,15,L
2015-08-10 11:27:00 UTC,7.8,238,H
2015-08-10 17:31:00 UTC,0.0,0,L
2015-08-10 23:56:00 UTC,9.0,274,H
2015-08-11 06:16:00 UTC,0.4,12,L
2015-08-11 12:23:00 UTC,7.8,238,H
2015-08-11 18:24:00 UTC,0.0,0,L
2015-08-12 00:49:00 UTC,9.0,274,H
2015-08-12 07:06:00 UTC,0.4,12,L
2015-08-12 13:15:00 UTC,7.9,241,H
2015-08-12 19:13:00 UTC,0.0,0,L
2015-08-13 01:37:00 UTC,9.0,274,H
2015-08-13 07:52:00 UTC,0.3,9,L
2015-08-13 14:03:00 UTC,8.0,244,H
2015-08-13 20:00:00 UTC,0.0,0,L
2015-08-14 02:21:00 UTC,9.0,274,H
2015-08-14 08:35:00 UTC,0.3,9,L
2015-08-14 14:47:00 UTC,8.1,247,H
2015-08-14 20:45:00 UTC,0.1,3,L
2015-08-15 03:02:00 UTC,9.0,274,H
2015-08-15 09:15:00 UTC,0.3,9,L
2015-08-15 15:29:00 UTC,8.1,247,H
2015-08-15 21:26:00 UTC,0.2,6,L
2015-08-16 03:41:00 UTC,8.8,268,H
2015-08-16 09:51:00 UTC,0.3,9,L
2015-08-16 16:09:00 UTC,8.1,247,H
2015-08-16 22:06:00 UTC,0.3,9,L
2015-08-17 04:20:00 UTC,8.6,262,H
2015-08-17 10:26:00 UTC,0.3,9,L
2015-08-17 16:48:00 UTC,8.0,244,H
2015-08-17 22:44:00 UTC,0.5,15,L
2015-08-18 04:58:00 UTC,8.3,253,H
2015-08-18 11:00:00 UTC,0.4,12,L
2015-08-18 17:28:00 UTC,7.9,241,H
2015-08-18 23:22:00 UTC,0.7,21,L
2015-08-19 05:37:00 UTC,8.1,247,H
2015-08-19 11:34:00 UTC,0.5,15,L
2015-08-19 18:09:00 UTC,7.8,238,H
2015-08-20 00:02:00 UTC,0.8,24,L
2015-08-20 06:18:00 UTC,7.8,238,H
2015-08-20 12:11:00 UTC,0.6,18,L
2015-08-20 18:52:00 UTC,7.8,238,H
2015-08-21 00:45:00 UTC,1.0,30,L
2015-08-21 07:03:00 UTC,7.6,232,H
2015-08-21 12:51:00 UTC,0.7,21,L
2015-08-21 19:38:00 UTC,7.8,238,H
2015-08-22 01:33:00 UTC,1.1,34,L
2015-08-22 07:50:00 UTC,7.4,226,H
2015-08-22 13:38:00 UTC,0.7,21,L
2015-08-22 20:28:00 UTC,7.9,241,H
2015-08-23 02:29:00 UTC,1.2,37,L
2015-08-23 08:41:00 UTC,7.4,226,H
2015-08-23 14:32:00 UTC,0.7,21,L
2015-08-23 21:20:00 UTC,8.1,247,H
2015-08-24 03:30:00 UTC,1.1,34,L
2015-08-24 09:34:00 UTC,7.5,229,H
2015-08-24 15:32:00 UTC,0.7,21,L
2015-08-24 22:15:00 UTC,8.4,256,H
2015-08-25 04:31:00 UTC,0.9,27,L
2015-08-25 10:30:00 UTC,7.7,235,H
2015-08-25 16:35:00 UTC,0.5,15,L
2015-08-25 23:12:00 UTC,8.8,268,H
2015-08-26 05:29:00 UTC,0.6,18,L
2015-08-26 11:28:00 UTC,8.0,244,H
2015-08-26 17:35:00 UTC,0.2,6,L
2015-08-27 00:09:00 UTC,9.2,280,H
2015-08-27 06:25:00 UTC,0.2,6,L
2015-08-27 12:26:00 UTC,8.5,259,H
2015-08-27 18:33:00 UTC,-0.1,-3,L
2015-08-28 01:05:00 UTC,9.6,293,H
2015-08-28 07:18:00 UTC,-0.1,-3,L
2015-08-28 13:21:00 UTC,8.9,271,H
2015-08-28 19:29:00 UTC,-0.4,-12,L
2015-08-29 01:58:00 UTC,10.0,305,H
2015-08-29 08:10:00 UTC,-0.4,-12,L
2015-08-29 14:15:00 UTC,9.4,287,H
2015-08-29 20:24:00 UTC,-0.6,-18,L
2015-08-30 02:49:00 UTC,10.2,311,H
2015-08-30 09:00:00 UTC,-0.7,-21,L
2015-08-30 15:07:00 UTC,9.8,299,H
2015-08-30 21:18:00 UTC,-0.7,-21,L
2015-08-31 03:40:00 UTC,10.2,311,H
2015-08-31 09:50:00 UTC,-0.8,-24,L
2015-08-31 16:00:00 UTC,9.9,302,H
2015-08-31 22:11:00 UTC,-0.6,-18,L
2015-09-01 04:31:00 UTC,9.9,302,H
2015-09-01 10:39:00 UTC,-0.8,-24,L
2015-09-01 16:54:00 UTC,10.0,305,H
2015-09-01 23:03:00 UTC,-0.5,-15,L
2015-09-02 05:24:00 UTC,9.6,293,H
2015-09-02 11:28:00 UTC,-0.7,-21,L
2015-09-02 17:50:00 UTC,9.8,299,H
2015-09-02 23:56:00 UTC,-0.2,-6,L
2015-09-03 06:21:00 UTC,9.1,277,H
2015-09-03 12:18:00 UTC,-0.5,-15,L
2015-09-03 18:49:00 UTC,9.6,293,H
2015-09-04 00:52:00 UTC,0.2,6,L
2015-09-04 07:19:00 UTC,8.7,265,H
2015-09-04 13:12:00 UTC,-0.2,-6,L
2015-09-04 19:48:00 UTC,9.4,287,H
2015-09-05 01:51:00 UTC,0.5,15,L
2015-09-05 08:17:00 UTC,8.4,256,H
2015-09-05 14:10:00 UTC,0.1,3,L
2015-09-05 20:46:00 UTC,9.1,277,H
2015-09-06 02:55:00 UTC,0.7,21,L
2015-09-06 09:15:00 UTC,8.1,247,H
2015-09-06 15:11:00 UTC,0.3,9,L
2015-09-06 21:43:00 UTC,9.0,274,H
2015-09-07 04:00:00 UTC,0.8,24,L
2015-09-07 10:12:00 UTC,8.0,244,H
2015-09-07 16:13:00 UTC,0.4,12,L
2015-09-07 22:39:00 UTC,8.9,271,H
2015-09-08 04:59:00 UTC,0.8,24,L
2015-09-08 11:08:00 UTC,8.0,244,H
2015-09-08 17:11:00 UTC,0.4,12,L
2015-09-08 23:33:00 UTC,8.8,268,H
2015-09-09 05:52:00 UTC,0.7,21,L
2015-09-09 12:02:00 UTC,8.1,247,H
2015-09-09 18:03:00 UTC,0.4,12,L
2015-09-10 00:25:00 UTC,8.9,271,H
2015-09-10 06:40:00 UTC,0.6,18,L
2015-09-10 12:53:00 UTC,8.2,250,H
2015-09-10 18:52:00 UTC,0.4,12,L
2015-09-11 01:12:00 UTC,8.9,271,H
2015-09-11 07:23:00 UTC,0.6,18,L
2015-09-11 13:39:00 UTC,8.4,256,H
2015-09-11 19:37:00 UTC,0.3,9,L
2015-09-12 01:55:00 UTC,9.0,274,H
2015-09-12 08:03:00 UTC,0.5,15,L
2015-09-12 14:22:00 UTC,8.6,262,H
2015-09-12 20:20:00 UTC,0.4,12,L
2015-09-13 02:35:00 UTC,9.0,274,H
2015-09-13 08:41:00 UTC,0.4,12,L
2015-09-13 15:02:00 UTC,8.7,265,H
2015-09-13 21:01:00 UTC,0.4,12,L
2015-09-14 03:13:00 UTC,8.9,271,H
2015-09-14 09:17:00 UTC,0.4,12,L
2015-09-14 15:39:00 UTC,8.7,265,H
2015-09-14 21:40:00 UTC,0.5,15,L
2015-09-15 03:50:00 UTC,8.7,265,H
2015-09-15 09:52:00 UTC,0.5,15,L
2015-09-15 16:15:00 UTC,8.6,262,H
2015-09-15 22:18:00 UTC,0.6,18,L
2015-09-16 04:26:00 UTC,8.5,259,H
2015-09-16 10:26:00 UTC,0.5,15,L
2015-09-16 16:51:00 UTC,8.5,259,H
2015-09-16 22:55:00 UTC,0.7,21,L
2015-09-17 05:03:00 UTC,8.2,250,H
2015-09-17 11:01:00 UTC,0.6,18,L
2015-09-17 17:27:00 UTC,8.3,253,H
2015-09-17 23:34:00 UTC,0.9,27,L
2015-09-18 05:41:00 UTC,8.0,244,H
2015-09-18 11:37:00 UTC,0.7,21,L
2015-09-18 18:08:00 UTC,8.2,250,H
2015-09-19 00:15:00 UTC,1.0,30,L
2015-09-19 06:24:00 UTC,7.8,238,H
2015-09-19 12:17:00 UTC,0.8,24,L
2015-09-19 18:54:00 UTC,8.2,250,H
2015-09-20 01:02:00 UTC,1.1,34,L
2015-09-20 07:13:00 UTC,7.6,232,H
2015-09-20 13:04:00 UTC,0.9,27,L
2015-09-20 19:47:00 UTC,8.3,253,H
2015-09-21 01:56:00 UTC,1.2,37,L
2015-09-21 08:07:00 UTC,7.7,235,H
2015-09-21 13:59:00 UTC,0.9,27,L
2015-09-21 20:43:00 UTC,8.4,256,H
2015-09-22 02:57:00 UTC,1.1,34,L
2015-09-22 09:04:00 UTC,7.8,238,H
2015-09-22 15:02:00 UTC,0.8,24,L
2015-09-22 21:42:00 UTC,8.7,265,H
2015-09-23 04:00:00 UTC,0.9,27,L
2015-09-23 10:03:00 UTC,8.1,247,H
2015-09-23 16:09:00 UTC,0.6,18,L
2015-09-23 22:42:00 UTC,9.0,274,H
2015-09-24 05:00:00 UTC,0.6,18,L
2015-09-24 11:02:00 UTC,8.5,259,H
2015-09-24 17:13:00 UTC,0.4,12,L
2015-09-24 23:42:00 UTC,9.4,287,H
2015-09-25 05:57:00 UTC,0.2,6,L
2015-09-25 12:02:00 UTC,9.1,277,H
2015-09-25 18:13:00 UTC,0.0,0,L
2015-09-26 00:40:00 UTC,9.8,299,H
2015-09-26 06:51:00 UTC,-0.2,-6,L
2015-09-26 13:00:00 UTC,9.6,293,H
2015-09-26 19:11:00 UTC,-0.3,-9,L
2015-09-27 01:35:00 UTC,10.1,308,H
2015-09-27 07:44:00 UTC,-0.5,-15,L
2015-09-27 13:54:00 UTC,10.1,308,H
2015-09-27 20:07:00 UTC,-0.5,-15,L
2015-09-28 02:27:00 UTC,10.2,311,H
2015-09-28 08:35:00 UTC,-0.7,-21,L
2015-09-28 14:47:00 UTC,10.5,320,H
2015-09-28 21:01:00 UTC,-0.6,-18,L
2015-09-29 03:18:00 UTC,10.2,311,H
2015-09-29 09:25:00 UTC,-0.8,-24,L
2015-09-29 15:39:00 UTC,10.6,323,H
2015-09-29 21:54:00 UTC,-0.5,-15,L
2015-09-30 04:10:00 UTC,9.9,302,H
2015-09-30 10:15:00 UTC,-0.8,-24,L
2015-09-30 16:32:00 UTC,10.5,320,H
2015-09-30 22:46:00 UTC,-0.4,-12,L
2015-10-01 05:02:00 UTC,9.5,290,H
2015-10-01 11:04:00 UTC,-0.6,-18,L
2015-10-01 17:27:00 UTC,10.2,311,H
2015-10-01 23:38:00 UTC,-0.1,-3,L
2015-10-02 05:58:00 UTC,9.1,277,H
2015-10-02 11:54:00 UTC,-0.3,-9,L
2015-10-02 18:24:00 UTC,9.8,299,H
2015-10-03 00:31:00 UTC,0.3,9,L
2015-10-03 06:57:00 UTC,8.6,262,H
2015-10-03 12:47:00 UTC,0.1,3,L
2015-10-03 19:22:00 UTC,9.4,287,H
2015-10-04 01:28:00 UTC,0.7,21,L
2015-10-04 07:56:00 UTC,8.3,253,H
2015-10-04 13:44:00 UTC,0.5,15,L
2015-10-04 20:20:00 UTC,9.1,277,H
2015-10-05 02:28:00 UTC,0.9,27,L
2015-10-05 08:53:00 UTC,8.1,247,H
2015-10-05 14:45:00 UTC,0.7,21,L
2015-10-05 21:17:00 UTC,8.8,268,H
2015-10-06 03:31:00 UTC,1.0,30,L
2015-10-06 09:50:00 UTC,8.0,244,H
2015-10-06 15:47:00 UTC,0.8,24,L
2015-10-06 22:11:00 UTC,8.7,265,H
2015-10-07 04:30:00 UTC,1.0,30,L
2015-10-07 10:44:00 UTC,8.0,244,H
2015-10-07 16:46:00 UTC,0.8,24,L
2015-10-07 23:04:00 UTC,8.6,262,H
2015-10-08 05:21:00 UTC,0.9,27,L
2015-10-08 11:37:00 UTC,8.2,250,H
2015-10-08 17:38:00 UTC,0.8,24,L
2015-10-08 23:54:00 UTC,8.6,262,H
2015-10-09 06:07:00 UTC,0.8,24,L
2015-10-09 12:26:00 UTC,8.4,256,H
2015-10-09 18:26:00 UTC,0.7,21,L
2015-10-10 00:41:00 UTC,8.7,265,H
2015-10-10 06:49:00 UTC,0.7,21,L
2015-10-10 13:12:00 UTC,8.7,265,H
2015-10-10 19:11:00 UTC,0.6,18,L
2015-10-11 01:25:00 UTC,8.8,268,H
2015-10-11 07:29:00 UTC,0.6,18,L
2015-10-11 13:54:00 UTC,8.9,271,H
2015-10-11 19:54:00 UTC,0.5,15,L
2015-10-12 02:06:00 UTC,8.8,268,H
2015-10-12 08:06:00 UTC,0.5,15,L
2015-10-12 14:34:00 UTC,9.0,274,H
2015-10-12 20:35:00 UTC,0.5,15,L
2015-10-13 02:45:00 UTC,8.8,268,H
2015-10-13 08:43:00 UTC,0.5,15,L
2015-10-13 15:11:00 UTC,9.1,277,H
2015-10-13 21:14:00 UTC,0.5,15,L
2015-10-14 03:22:00 UTC,8.7,265,H
2015-10-14 09:19:00 UTC,0.5,15,L
2015-10-14 15:46:00 UTC,9.0,274,H
2015-10-14 21:53:00 UTC,0.5,15,L
2015-10-15 03:57:00 UTC,8.5,259,H
2015-10-15 09:55:00 UTC,0.5,15,L
2015-10-15 16:20:00 UTC,8.9,271,H
2015-10-15 22:31:00 UTC,0.6,18,L
2015-10-16 04:33:00 UTC,8.2,250,H
2015-10-16 10:32:00 UTC,0.6,18,L
2015-10-16 16:54:00 UTC,8.8,268,H
2015-10-16 23:10:00 UTC,0.7,21,L
2015-10-17 05:10:00 UTC,8.0,244,H
2015-10-17 11:10:00 UTC,0.7,21,L
2015-10-17 17:33:00 UTC,8.7,265,H
2015-10-17 23:52:00 UTC,0.8,24,L
2015-10-18 05:53:00 UTC,7.9,241,H
2015-10-18 11:51:00 UTC,0.7,21,L
2015-10-18 18:20:00 UTC,8.6,262,H
2015-10-19 00:38:00 UTC,0.9,27,L
2015-10-19 06:43:00 UTC,7.8,238,H
2015-10-19 12:39:00 UTC,0.8,24,L
2015-10-19 19:15:00 UTC,8.5,259,H
2015-10-20 01:30:00 UTC,1.0,30,L
2015-10-20 07:40:00 UTC,7.8,238,H
2015-10-20 13:34:00 UTC,0.9,27,L
2015-10-20 20:14:00 UTC,8.6,262,H
2015-10-21 02:29:00 UTC,0.9,27,L
2015-10-21 08:40:00 UTC,8.0,244,H
2015-10-21 14:38:00 UTC,0.8,24,L
2015-10-21 21:15:00 UTC,8.8,268,H
2015-10-22 03:32:00 UTC,0.7,21,L
2015-10-22 09:40:00 UTC,8.4,256,H
2015-10-22 15:47:00 UTC,0.7,21,L
2015-10-22 22:16:00 UTC,9.0,274,H
2015-10-23 04:33:00 UTC,0.4,12,L
2015-10-23 10:41:00 UTC,8.8,268,H
2015-10-23 16:53:00 UTC,0.4,12,L
2015-10-23 23:16:00 UTC,9.3,283,H
2015-10-24 05:31:00 UTC,0.1,3,L
2015-10-24 11:41:00 UTC,9.4,287,H
2015-10-24 17:55:00 UTC,0.1,3,L
2015-10-25 00:16:00 UTC,9.5,290,H
2015-10-25 06:26:00 UTC,-0.3,-9,L
2015-10-25 12:40:00 UTC,9.9,302,H
2015-10-25 18:54:00 UTC,-0.2,-6,L
2015-10-26 01:12:00 UTC,9.7,296,H
2015-10-26 07:19:00 UTC,-0.6,-18,L
2015-10-26 13:35:00 UTC,10.4,317,H
2015-10-26 19:50:00 UTC,-0.4,-12,L
2015-10-27 02:06:00 UTC,9.8,299,H
2015-10-27 08:11:00 UTC,-0.8,-24,L
2015-10-27 14:28:00 UTC,10.7,326,H
2015-10-27 20:44:00 UTC,-0.5,-15,L
2015-10-28 02:58:00 UTC,9.8,299,H
2015-10-28 09:02:00 UTC,-0.8,-24,L
2015-10-28 15:20:00 UTC,10.8,329,H
2015-10-28 21:37:00 UTC,-0.5,-15,L
2015-10-29 03:49:00 UTC,9.6,293,H
2015-10-29 09:52:00 UTC,-0.7,-21,L
2015-10-29 16:11:00 UTC,10.6,323,H
2015-10-29 22:28:00 UTC,-0.3,-9,L
2015-10-30 04:40:00 UTC,9.2,280,H
2015-10-30 10:41:00 UTC,-0.5,-15,L
2015-10-30 17:03:00 UTC,10.2,311,H
2015-10-30 23:18:00 UTC,0.0,0,L
2015-10-31 05:34:00 UTC,8.8,268,H
2015-10-31 11:30:00 UTC,-0.2,-6,L
2015-10-31 17:57:00 UTC,9.7,296,H
2015-11-01 00:08:00 UTC,0.3,9,L
2015-11-01 06:31:00 UTC,8.4,256,H
2015-11-01 12:21:00 UTC,0.2,6,L
2015-11-01 18:53:00 UTC,9.2,280,H
2015-11-02 00:59:00 UTC,0.6,18,L
2015-11-02 07:29:00 UTC,8.0,244,H
2015-11-02 13:14:00 UTC,0.6,18,L
2015-11-02 19:49:00 UTC,8.8,268,H
2015-11-03 01:54:00 UTC,0.9,27,L
2015-11-03 08:25:00 UTC,7.8,238,H
2015-11-03 14:11:00 UTC,0.9,27,L
2015-11-03 20:43:00 UTC,8.5,259,H
2015-11-04 02:52:00 UTC,1.0,30,L
2015-11-04 09:20:00 UTC,7.8,238,H
2015-11-04 15:12:00 UTC,1.0,30,L
2015-11-04 21:35:00 UTC,8.3,253,H
2015-11-05 03:49:00 UTC,1.1,34,L
2015-11-05 10:13:00 UTC,7.9,241,H
2015-11-05 16:12:00 UTC,1.1,34,L
2015-11-05 22:26:00 UTC,8.2,250,H
2015-11-06 04:41:00 UTC,1.0,30,L
2015-11-06 11:04:00 UTC,8.0,244,H
2015-11-06 17:07:00 UTC,1.0,30,L
2015-11-06 23:16:00 UTC,8.2,250,H
2015-11-07 05:28:00 UTC,0.8,24,L
2015-11-07 11:54:00 UTC,8.3,253,H
2015-11-07 17:56:00 UTC,0.8,24,L
2015-11-08 00:05:00 UTC,8.2,250,H
2015-11-08 06:10:00 UTC,0.7,21,L
2015-11-08 12:41:00 UTC,8.6,262,H
2015-11-08 18:42:00 UTC,0.7,21,L
2015-11-09 00:51:00 UTC,8.3,253,H
2015-11-09 06:51:00 UTC,0.5,15,L
2015-11-09 13:25:00 UTC,8.8,268,H
2015-11-09 19:26:00 UTC,0.5,15,L
2015-11-10 01:35:00 UTC,8.3,253,H
2015-11-10 07:31:00 UTC,0.4,12,L
2015-11-10 14:05:00 UTC,9.0,274,H
2015-11-10 20:08:00 UTC,0.4,12,L
2015-11-11 02:16:00 UTC,8.4,256,H
2015-11-11 08:11:00 UTC,0.3,9,L
2015-11-11 14:44:00 UTC,9.1,277,H
2015-11-11 20:49:00 UTC,0.4,12,L
2015-11-12 02:54:00 UTC,8.3,253,H
2015-11-12 08:50:00 UTC,0.3,9,L
2015-11-12 15:20:00 UTC,9.1,277,H
2015-11-12 21:29:00 UTC,0.3,9,L
2015-11-13 03:31:00 UTC,8.2,250,H
2015-11-13 09:29:00 UTC,0.3,9,L
2015-11-13 15:55:00 UTC,9.1,277,H
2015-11-13 22:09:00 UTC,0.3,9,L
2015-11-14 04:08:00 UTC,8.1,247,H
2015-11-14 10:08:00 UTC,0.3,9,L
2015-11-14 16:31:00 UTC,9.0,274,H
2015-11-14 22:50:00 UTC,0.4,12,L
2015-11-15 04:47:00 UTC,7.9,241,H
2015-11-15 10:49:00 UTC,0.3,9,L
2015-11-15 17:11:00 UTC,8.8,268,H
2015-11-15 23:32:00 UTC,0.4,12,L
2015-11-16 05:31:00 UTC,7.8,238,H
2015-11-16 11:32:00 UTC,0.4,12,L
2015-11-16 17:58:00 UTC,8.7,265,H
2015-11-17 00:18:00 UTC,0.5,15,L
2015-11-17 06:22:00 UTC,7.8,238,H
2015-11-17 12:20:00 UTC,0.5,15,L
2015-11-17 18:52:00 UTC,8.6,262,H
2015-11-18 01:09:00 UTC,0.5,15,L
2015-11-18 07:19:00 UTC,7.9,241,H
2015-11-18 13:16:00 UTC,0.6,18,L
2015-11-18 19:51:00 UTC,8.6,262,H
2015-11-19 02:05:00 UTC,0.5,15,L
2015-11-19 08:20:00 UTC,8.1,247,H
2015-11-19 14:19:00 UTC,0.6,18,L
2015-11-19 20:52:00 UTC,8.6,262,H
2015-11-20 03:06:00 UTC,0.3,9,L
2015-11-20 09:21:00 UTC,8.4,256,H
2015-11-20 15:28:00 UTC,0.5,15,L
2015-11-20 21:53:00 UTC,8.7,265,H
2015-11-21 04:08:00 UTC,0.1,3,L
2015-11-21 10:22:00 UTC,8.8,268,H
2015-11-21 16:36:00 UTC,0.3,9,L
2015-11-21 22:53:00 UTC,8.8,268,H
2015-11-22 05:07:00 UTC,-0.2,-6,L
2015-11-22 11:22:00 UTC,9.3,283,H
2015-11-22 17:39:00 UTC,0.1,3,L
2015-11-22 23:53:00 UTC,8.9,271,H
2015-11-23 06:03:00 UTC,-0.5,-15,L
2015-11-23 12:21:00 UTC,9.8,299,H
2015-11-23 18:39:00 UTC,-0.2,-6,L
2015-11-24 00:51:00 UTC,9.0,274,H
2015-11-24 06:57:00 UTC,-0.7,-21,L
2015-11-24 13:18:00 UTC,10.1,308,H
2015-11-24 19:35:00 UTC,-0.4,-12,L
2015-11-25 01:47:00 UTC,9.1,277,H
2015-11-25 07:50:00 UTC,-0.8,-24,L
2015-11-25 14:11:00 UTC,10.4,317,H
2015-11-25 20:28:00 UTC,-0.5,-15,L
2015-11-26 02:39:00 UTC,9.1,277,H
2015-11-26 08:41:00 UTC,-0.9,-27,L
2015-11-26 15:02:00 UTC,10.4,317,H
2015-11-26 21:20:00 UTC,-0.5,-15,L
2015-11-27 03:29:00 UTC,8.9,271,H
2015-11-27 09:31:00 UTC,-0.8,-24,L
2015-11-27 15:51:00 UTC,10.2,311,H
2015-11-27 22:09:00 UTC,-0.4,-12,L
2015-11-28 04:19:00 UTC,8.7,265,H
2015-11-28 10:19:00 UTC,-0.6,-18,L
2015-11-28 16:40:00 UTC,9.8,299,H
2015-11-28 22:56:00 UTC,-0.2,-6,L
2015-11-29 05:10:00 UTC,8.3,253,H
2015-11-29 11:06:00 UTC,-0.3,-9,L
2015-11-29 17:30:00 UTC,9.3,283,H
2015-11-29 23:42:00 UTC,0.1,3,L
2015-11-30 06:02:00 UTC,8.0,244,H
2015-11-30 11:53:00 UTC,0.1,3,L
2015-11-30 18:21:00 UTC,8.8,268,H
2015-12-01 00:28:00 UTC,0.4,12,L
2015-12-01 06:56:00 UTC,7.7,235,H
2015-12-01 12:41:00 UTC,0.5,15,L
2015-12-01 19:12:00 UTC,8.3,253,H
2015-12-02 01:15:00 UTC,0.6,18,L
2015-12-02 07:50:00 UTC,7.5,229,H
2015-12-02 13:33:00 UTC,0.8,24,L
2015-12-02 20:03:00 UTC,8.0,244,H
2015-12-03 02:04:00 UTC,0.8,24,L
2015-12-03 08:42:00 UTC,7.4,226,H
2015-12-03 14:29:00 UTC,1.0,30,L
2015-12-03 20:54:00 UTC,7.7,235,H
2015-12-04 02:57:00 UTC,0.9,27,L
2015-12-04 09:34:00 UTC,7.5,229,H
2015-12-04 15:28:00 UTC,1.1,34,L
2015-12-04 21:44:00 UTC,7.6,232,H
2015-12-05 03:49:00 UTC,0.9,27,L
2015-12-05 10:24:00 UTC,7.6,232,H
2015-12-05 16:26:00 UTC,1.0,30,L
2015-12-05 22:34:00 UTC,7.5,229,H
2015-12-06 04:40:00 UTC,0.8,24,L
2015-12-06 11:15:00 UTC,7.8,238,H
2015-12-06 17:19:00 UTC,0.9,27,L
2015-12-06 23:24:00 UTC,7.5,229,H
2015-12-07 05:27:00 UTC,0.6,18,L
2015-12-07 12:04:00 UTC,8.1,247,H
2015-12-07 18:08:00 UTC,0.7,21,L
2015-12-08 00:14:00 UTC,7.6,232,H
2015-12-08 06:12:00 UTC,0.4,12,L
2015-12-08 12:52:00 UTC,8.4,256,H
2015-12-08 18:55:00 UTC,0.5,15,L
2015-12-09 01:01:00 UTC,7.7,235,H
2015-12-09 06:56:00 UTC,0.2,6,L
2015-12-09 13:36:00 UTC,8.6,262,H
2015-12-09 19:39:00 UTC,0.3,9,L
2015-12-10 01:46:00 UTC,7.8,238,H
2015-12-10 07:40:00 UTC,0.1,3,L
2015-12-10 14:17:00 UTC,8.8,268,H
2015-12-10 20:23:00 UTC,0.1,3,L
2015-12-11 02:27:00 UTC,7.9,241,H
2015-12-11 08:23:00 UTC,0.0,0,L
2015-12-11 14:56:00 UTC,9.0,274,H
2015-12-11 21:06:00 UTC,0.0,0,L
2015-12-12 03:07:00 UTC,7.9,241,H
2015-12-12 09:06:00 UTC,-0.1,-3,L
2015-12-12 15:34:00 UTC,9.0,274,H
2015-12-12 21:48:00 UTC,-0.1,-3,L
2015-12-13 03:47:00 UTC,7.9,241,H
2015-12-13 09:48:00 UTC,-0.2,-6,L
2015-12-13 16:13:00 UTC,9.0,274,H
2015-12-13 22:31:00 UTC,-0.2,-6,L
2015-12-14 04:28:00 UTC,7.9,241,H
2015-12-14 10:32:00 UTC,-0.2,-6,L
2015-12-14 16:55:00 UTC,8.9,271,H
2015-12-14 23:14:00 UTC,-0.2,-6,L
2015-12-15 05:14:00 UTC,7.9,241,H
2015-12-15 11:18:00 UTC,-0.1,-3,L
2015-12-15 17:43:00 UTC,8.8,268,H
2015-12-16 00:00:00 UTC,-0.2,-6,L
2015-12-16 06:05:00 UTC,7.9,241,H
2015-12-16 12:06:00 UTC,0.0,0,L
2015-12-16 18:35:00 UTC,8.6,262,H
2015-12-17 00:49:00 UTC,-0.1,-3,L
2015-12-17 07:02:00 UTC,8.0,244,H
2015-12-17 13:01:00 UTC,0.1,3,L
2015-12-17 19:33:00 UTC,8.4,256,H
2015-12-18 01:43:00 UTC,-0.1,-3,L
2015-12-18 08:02:00 UTC,8.1,247,H
2015-12-18 14:02:00 UTC,0.3,9,L
2015-12-18 20:32:00 UTC,8.3,253,H
2015-12-19 02:42:00 UTC,-0.1,-3,L
2015-12-19 09:02:00 UTC,8.3,253,H
2015-12-19 15:10:00 UTC,0.3,9,L
2015-12-19 21:32:00 UTC,8.2,250,H
2015-12-20 03:43:00 UTC,-0.2,-6,L
2015-12-20 10:03:00 UTC,8.6,262,H
2015-12-20 16:19:00 UTC,0.2,6,L
2015-12-20 22:33:00 UTC,8.1,247,H
2015-12-21 04:44:00 UTC,-0.4,-12,L
2015-12-21 11:04:00 UTC,8.9,271,H
2015-12-21 17:24:00 UTC,0.0,0,L
2015-12-21 23:34:00 UTC,8.1,247,H
2015-12-22 05:42:00 UTC,-0.6,-18,L
2015-12-22 12:05:00 UTC,9.2,280,H
2015-12-22 18:24:00 UTC,-0.2,-6,L
2015-12-23 00:34:00 UTC,8.2,250,H
2015-12-23 06:38:00 UTC,-0.7,-21,L
2015-12-23 13:02:00 UTC,9.5,290,H
2015-12-23 19:20:00 UTC,-0.3,-9,L
2015-12-24 01:30:00 UTC,8.3,253,H
2015-12-24 07:31:00 UTC,-0.8,-24,L
2015-12-24 13:56:00 UTC,9.6,293,H
2015-12-24 20:13:00 UTC,-0.5,-15,L
2015-12-25 02:23:00 UTC,8.3,253,H
2015-12-25 08:23:00 UTC,-0.9,-27,L
2015-12-25 14:46:00 UTC,9.7,296,H
2015-12-25 21:02:00 UTC,-0.5,-15,L
2015-12-26 03:12:00 UTC,8.3,253,H
2015-12-26 09:11:00 UTC,-0.8,-24,L
2015-12-26 15:33:00 UTC,9.5,290,H
2015-12-26 21:49:00 UTC,-0.4,-12,L
2015-12-27 03:59:00 UTC,8.2,250,H
2015-12-27 09:58:00 UTC,-0.6,-18,L
2015-12-27 16:18:00 UTC,9.2,280,H
2015-12-27 22:32:00 UTC,-0.3,-9,L
2015-12-28 04:45:00 UTC,7.9,241,H
2015-12-28 10:42:00 UTC,-0.4,-12,L
2015-12-28 17:03:00 UTC,8.8,268,H
2015-12-28 23:14:00 UTC,-0.1,-3,L
2015-12-29 05:32:00 UTC,7.7,235,H
2015-12-29 11:25:00 UTC,-0.1,-3,L
2015-12-29 17:48:00 UTC,8.4,256,H
2015-12-29 23:53:00 UTC,0.1,3,L
2015-12-30 06:20:00 UTC,7.4,226,H
2015-12-30 12:08:00 UTC,0.2,6,L
2015-12-30 18:33:00 UTC,8.0,244,H
2015-12-31 00:33:00 UTC,0.3,9,L
2015-12-31 07:08:00 UTC,7.2,219,H
2015-12-31 12:53:00 UTC,0.5,15,L
2015-12-31 19:20:00 UTC,7.6,232,H
